token,url,導入方式,バージョン
mFLXip,https://onlineshop.jcom.co.jp,JavaScriptタグ埋め込み型,
DzroWy,https://corestaffcojp.ecbeing.biz,scriptが設置されていません,
8DiFE0,https://komehyo.jp,Javaライブラリ型,1.16.1
Uiq90l,https://www.osaka-bunka.com,scriptが設置されていません,
547fw7,https://docs.yamory.io,scriptが設置されていません,
547fw7,https://yamory.io,scriptが設置されていません,
lBpVEu,https://x-y.tokyo,scriptが設置されていません,
FZkNJw,https://d3meevh04ylp5x.cloudfront.net,scriptが設置されていません,
FZkNJw,https://get.kintone.help,scriptが設置されていません,
D3JwAr,https://www.rihga.com,プロキシ型,0.16.1
WvgOvr,https://www.osaka-sandai.ac.jp,WordPressプラグイン型,1.12.2
8yB_rx,https://mhc365dev.sharepoint.com,スキップ:認証が必要,
8yB_rx,https://mul365.sharepoint.com,スキップ:認証が必要,
2stZWK,https://corp.linkers.net,scriptが設置されていません,
D3JwAr,https://rrh-international-dev.100inc.net,JavaScriptタグ埋め込み型,
Uiq90l,https://oif.xbiz.jp,リクエスト失敗,
-H6flW,https://kaminashi.jp,scriptが設置されていません,
DzroWy,https://www.corestaff.co.jp,リクエスト失敗,
8DiFE0,https://tera-kome20.tera.work,リクエスト失敗,
VyyJAx,https://kaminashi.jp,scriptが設置されていません,
Eq6gsf,https://kaminashi.jp,scriptが設置されていません,
lBpVEu,https://prior.x-y.tokyo,リクエスト失敗,
VyyJAx,https://kaminashi.com,scriptが設置されていません,
mFLXip,https://onlineshop-jcom-co-jp.test-web-pf.work,リクエスト失敗,
EYYQb4,https://kaminashi.jp,scriptが設置されていません,
Eq6gsf,https://kaminashi.com,scriptが設置されていません,
EYYQb4,https://kaminashi.com,scriptが設置されていません,
HmMTcS,https://kaminashi.jp,scriptが設置されていません,
HmMTcS,https://kaminashi.com,scriptが設置されていません,
cicu0N,https://www.newoman.jp,JavaScriptタグ埋め込み型,
cicu0N,https://renew.newoman.jp,JavaScriptタグ埋め込み型,
D3JwAr,https://rrh-international-dev.100.inc,リクエスト失敗,
cicu0N,https://stage.newoman.jp,リクエスト失敗,
cicu0N,https://january.newoman.jp,リクエスト失敗,
tyeNkl,https://tst2.eplus.tickets,リクエスト失敗,
tyeNkl,https://w1.tst2.eplus.tickets,リクエスト失敗,
tyeNkl,https://w2.tst2.eplus.tickets,リクエスト失敗,
tyeNkl,https://sp1.tst2.eplus.tickets,リクエスト失敗,
tyeNkl,https://sp2.tst2.eplus.tickets,リクエスト失敗,
tyeNkl,https://prv.tst2.eplus.tickets,リクエスト失敗,
tyeNkl,https://prv-inb.tst2.eplus.tickets,リクエスト失敗,
7Mr_sC,https://www.shinmaywa.co.jp,scriptが設置されていません,
tyeNkl,https://orderhistory.tst2.eplus.tickets,リクエスト失敗,
Vbedne,https://tanakagroup.sharepoint.com,スキップ:認証が必要,
xSP3nH,https://100nengo-art-fes.jp,scriptが設置されていません,
tyeNkl,https://qr.tst2.eplus.tickets,リクエスト失敗,
D9L4QS,https://mg.withlive-app.com,JavaScriptタグ埋め込み型,
D9L4QS,https://staging-mg.withlive-app.com,JavaScriptタグ埋め込み型,
7Mr_sC,https://www.siwp01.shinmaywa.co.jp,リクエスト失敗,
LsjD9m,https://www.kankomie.or.jp,scriptが設置されていません,
OVhkzG,https://otaku.mantan-web.jp,scriptが設置されていません,
xSP3nH,https://staging.100nengo-art-fes.jp,リクエスト失敗,
LsjD9m,https://lsjd9m.wovn-demo-proxy.com,リクエスト失敗,
cicu0N,https://apr.newoman.jp,リクエスト失敗,
cicu0N,https://july.newoman.jp,リクエスト失敗,
0uiSkl,https://app.autostream.jp,scriptが設置されていません,
YLYE-y,https://www.welcome-aeon.com,scriptが設置されていません,
0uiSkl,https://stg.app.autostream.jp,scriptが設置されていません,
0uiSkl,https://e2e.app.autostream.jp,scriptが設置されていません,
grvHa0,https://www.japan-burari-trip.com,プロキシ型,0.16.1
tyeNkl,https://eplus.tickets,リクエスト失敗,
c2hOXn,https://www.kokuyo-st.co.jp,プロキシ型,0.20.1
grvHa0,https://yoyaku.japan-burari-trip.com,リクエスト失敗,
grvHa0,https://dev-yoyaku.japan-burari-trip.com,リクエスト失敗,
z5TP23,https://www.keikyu-bus.co.jp,プロキシ型,0.20.1
c2hOXn,https://auth.kokuyo-st.co.jp,リクエスト失敗,
74drpW,https://shibuya-sakura-stage-test.pictona.jp,プロキシ型,0.22.8
74drpW,https://www.shibuya-sakura-stage.com,プロキシ型,0.22.8
m6r0EM,https://www.act-1.co.jp,WordPressプラグイン型,1.10.3
Qz0UnP,https://www.morinagamilk.co.jp,scriptが設置されていません,
z5TP23,https://hptest.keikyu-bus.co.jp,リクエスト失敗,
m6r0EM,https://test.act-1.co.jp,リクエスト失敗,
gwCxQW,https://kaminashi.jp,scriptが設置されていません,
Ubfwns,https://kaminashi.jp,scriptが設置されていません,
-IEE7q,https://kaminashi.jp,scriptが設置されていません,
-IEE7q,https://kaminashi.com,scriptが設置されていません,
Qz0UnP,https://stg.morinagamilk.co.jp,リクエスト失敗,
zLv6h2,https://kaminashi.jp,scriptが設置されていません,
zLv6h2,https://kaminashi.com,scriptが設置されていません,
WOLT81,https://kaminashi.jp,scriptが設置されていません,
Qz0UnP,https://stg2.morinagamilk.co.jp,リクエスト失敗,
YLYE-y,https://20.48.71.154,リクエスト失敗,
Awl-8V,https://www.kyo-ondokoro.kyoto,scriptが設置されていません,
kLgXu_,https://www.multibook.jp,WordPressプラグイン型,1.10.3
YLYE-y,https://pre-www.welcome-aeon.com,リクエスト失敗,
DniOJn,https://www.revealbi.io,WordPressプラグイン型,1.12.2
DniOJn,https://wp-staging.revealbi.io,WordPressプラグイン型,1.12.2
l36gM3,https://app.yamory.io,scriptが設置されていません,
YLYE-y,https://160.243.22.122,リクエスト失敗,
y9-c4N,https://www.shinko-keirin.co.jp,scriptが設置されていません,
eej_8-,https://www.smartsensingexpo.com,プロキシ型,0.20.1
8DiFE0,https://st.komehyo.jp,リクエスト失敗,
8DiFE0,https://st-admin.komehyo.jp,リクエスト失敗,
71vnem,https://kaminashi.jp,scriptが設置されていません,
y9-c4N,https://keirin.web02.digiplate.net,リクエスト失敗,
DniOJn,https://wovn.revealbi.io,リクエスト失敗,
7Mr_sC,https://dev.shinmaywa.co.jp,リクエスト失敗,
7Mr_sC,https://cms.shinmaywa.co.jp,リクエスト失敗,
kLgXu_,https://pre.www.multibook.jp,リクエスト失敗,
l36gM3,https://app.stg.yamory.io,リクエスト失敗,
